{"loss": [0.72227543592453, 0.6567621231079102, 0.5926690101623535, 0.5401995778083801, 0.44262146949768066, 0.3595476746559143, 0.2892675995826721, 0.2162300944328308, 0.1550026386976242, 0.1164693608880043], "accuracy": [0.5350000262260437, 0.6299999952316284, 0.6766666769981384, 0.7212499976158142, 0.7979166507720947, 0.847083330154419, 0.8758333325386047, 0.9075000286102295, 0.9366666674613953, 0.9604166746139526], "val_loss": [0.6770979762077332, 0.6432583332061768, 0.630446195602417, 0.5944369435310364, 0.6270833611488342, 0.7135524749755859, 0.7395275831222534, 0.8349993824958801, 0.9826397895812988, 1.150490164756775], "val_accuracy": [0.6200000047683716, 0.6333333253860474, 0.6483333110809326, 0.7066666483879089, 0.6800000071525574, 0.7066666483879089, 0.6816666722297668, 0.6899999976158142, 0.7116666436195374, 0.6933333277702332]}