{"loss": [0.7658094763755798, 0.678712010383606, 0.6533952355384827, 0.6262590289115906, 0.5779852271080017], "accuracy": [0.5237500071525574, 0.5741666555404663, 0.6316666603088379, 0.6662499904632568, 0.7095833420753479], "val_loss": [0.6877512335777283, 0.6487030982971191, 0.6606776714324951, 0.636461615562439, 0.6328207850456238], "val_accuracy": [0.5666666626930237, 0.6166666746139526, 0.6050000190734863, 0.6349999904632568, 0.6483333110809326]}