{"loss": [0.7126699090003967, 0.6711697578430176, 0.6402708888053894, 0.610045850276947, 0.5404444336891174, 0.44481247663497925, 0.35407841205596924, 0.2423868030309677, 0.17189472913742065, 0.1354697048664093, 0.08842766284942627, 0.05195828899741173, 0.06458339840173721, 0.0692199319601059, 0.04217037186026573, 0.028571389615535736, 0.03533235192298889, 0.02559795416891575, 0.020213592797517776, 0.03478805720806122], "accuracy": [0.5425000190734863, 0.5975000262260437, 0.6433333158493042, 0.6670833230018616, 0.715416669845581, 0.79708331823349, 0.847083330154419, 0.9041666388511658, 0.9329166412353516, 0.9462500214576721, 0.9666666388511658, 0.98458331823349, 0.9762499928474426, 0.9733333587646484, 0.9866666793823242, 0.9912499785423279, 0.9900000095367432, 0.9904166460037231, 0.9933333396911621, 0.987500011920929], "val_loss": [0.6638090014457703, 0.6663551926612854, 0.6337243318557739, 0.630473792552948, 0.6083515882492065, 0.6376774311065674, 0.6729322671890259, 0.846063494682312, 0.962716281414032, 0.9833526611328125, 1.125427484512329, 1.39458167552948, 1.2175101041793823, 1.4633800983428955, 1.5390876531600952, 1.5953665971755981, 1.6852283477783203, 1.6060371398925781, 2.0205118656158447, 2.0840916633605957], "val_accuracy": [0.57833331823349, 0.5816666483879089, 0.6600000262260437, 0.6616666913032532, 0.6700000166893005, 0.6933333277702332, 0.653333306312561, 0.6833333373069763, 0.6466666460037231, 0.6700000166893005, 0.6833333373069763, 0.6866666674613953, 0.7083333134651184, 0.699999988079071, 0.6899999976158142, 0.699999988079071, 0.6966666579246521, 0.6766666769981384, 0.6866666674613953, 0.6700000166893005]}